stat,mean
x,323.7805
y,182.676027778
angle,0.116203571352
dist,6.57751462679
drift,5.0943374917
xp,323.766166667
yp,182.672666667
x_drift,0.000111111111111
y_drift,-0.000111111111111
