stat,std
x,154.301150024
y,93.3955586088
angle,1.83743820665
dist,3.22970276848
drift,4.01482750973
xp,154.509412042
yp,93.6612520876
x_drift,4.83515304325
y_drift,4.32355529077
